word,score
horrible,3.6796008
disgusting,3.4936825
moron,3.4696771
bastard,3.3992381
stupid,3.3238818
bitch,3.2622911
scumbag,3.1949177
stupid,3.1918846
horrible,3.1827809
ass,3.0799801
idiot,3.0301171
bastard,2.9925045
slut,2.9309319
vile,2.8624451
redneck,2.8006986
filth,2.7742084
cretin,2.7070032
sadist,2.6944803
crap,2.6591225
sociopath,2.6348441
arent,2.5915894
stink,2.5817116
revolting,2.5617979
rotten,2.5617882
bigot,2.5544108
bitch,2.5479306
brat,2.5388335
scum,2.5280096
crappy,2.5225451
stinky,2.5190451
rubbish,2.4968679
fuck,2.4959138
slut,2.4950545
liar,2.4938713
filthy,2.4713835
nerd,2.4511875
hypocrite,2.4136389
nutcase,2.401145
whore,2.3926588
stinking,2.3922521
lout,2.3866137
stink,2.386318
wanker,2.3574416
crap,2.3467714
rubbish,2.3389343
dolt,2.3368959
hideous,2.3248801
shit,2.3208947
lunatic,2.3147081
pest,2.3117798
snot,2.3059359
egomaniac,2.3009798
perverted,2.2945354
crap,2.2912594
twat,2.2811641
fart,2.2765787
cunt,2.2763675
bugger,2.2715692
dumbass,2.2690002
commie,2.2671629
wretch,2.2579331
psychopath,2.2549929
despicable,2.2427071
fuck,2.2390389
piss,2.23226
pathetic,2.2298695
vermin,2.2237203
buffoon,2.2117196
lowlife,2.2101649
schmuck,2.2044661
hateful,2.203023
fag,2.1958758
slimy,2.1945775
sadistic,2.1791394
sux,2.1702603
horrid,2.1578153
crackpot,2.1482269
lousy,2.1455968
weird,2.1407319
chav,2.1260895
rubbish,2.1084307
scruffy,2.1043671
sexist,2.1041722
revolting,2.0877126
fucking,2.0841984
heartless,2.0813087
prank,2.0789004
twerp,2.0703899
loony,2.0660404
inbred,2.0562485
phony,2.0558828
faggot,2.0539746
git,2.0528487
nitwit,2.0520718
bugger,2.051638
dimwit,2.0405327
prank,2.0263975
shit,2.0257835
weird,2.0213697
tyrant,2.0124076
stinking,2.0073536
wack,2.007067
pussy,1.9963551
arse,1.9962293
geezer,1.9934449
nigger,1.9878153
inhuman,1.9785859
malicious,1.9696563
badass,1.9684681
selfish,1.9671554
moronic,1.9668102
fart,1.9660311
snide,1.9587149
putrid,1.9584194
lewd,1.9572129
weird,1.9487232
hater,1.9380459
arrogant,1.9367388
snot,1.9340294
hoe,1.9338633
damn,1.9290181
scum,1.9286376
retard,1.9264918
sickening,1.915752
jerk,1.9156719
piss,1.9022543
smelly,1.8931803
imbecile,1.8917299
underhanded,1.8898532
lunatic,1.8776539
bimbo,1.8742239
twat,1.8617624
madman,1.8608014
lame,1.860767
whiner,1.8597339
idiotic,1.8591878
sucky,1.8478422
sod,1.8383844
depraved,1.8356946
uncaring,1.8309263
abomination,1.8307493
shit,1.827128
fucking,1.821373
ho,1.8184672
untalented,1.8168035
bald,1.8154459
asshole,1.8134938
scoundrel,1.8109905
cruel,1.8040925
skank,1.7961785
loony,1.7897744
misogynist,1.7890749
tyrant,1.7876052
homicidal,1.7833535
kook,1.7796393
spiteful,1.7782555
deceitful,1.7703147
dishonest,1.7645787
brutish,1.7580709
druggie,1.7568851
phony,1.7547889
freaky,1.7525911
insulting,1.7447221
cruel,1.7392239
crackpot,1.73676
blowhard,1.7299235
pervert,1.7274114
miserable,1.726994
molester,1.7238002
bigoted,1.7224407
conniving,1.7217891
hillbilly,1.7206828
deviant,1.7084962
sexist,1.7079654
pansy,1.7071941
louse,1.7061231
snivel,1.7000231
guido,1.6947515
oaf,1.6936829
incompetent,1.6904732
lame,1.6871479
silly,1.6854519
manipulative,1.6806361
scam,1.6772025
dumb,1.676346
bitchy,1.6712231
shameful,1.6668081
whore,1.6661232
greedy,1.6657238
wank,1.6644837
fucker,1.6477917
crackhead,1.6462461
wack,1.6453892
ninny,1.6418774
dreadful,1.6401798
yokel,1.6389739
mindless,1.638497
coward,1.6346885
scheming,1.6334595
dumb,1.6313618
cowardly,1.6203492
thug,1.6196428
pedophile,1.6189831
wacko,1.614626
murderer,1.6137534
fiend,1.6129031
lame,1.6112699
leering,1.6085436
reprehensible,1.6060209
cock,1.6022577
stig,1.6018618
loudmouth,1.5978121
detestable,1.5969452
inbred,1.5958572
gook,1.5958279
monger,1.5946189
slacker,1.5916191
wannabe,1.5842574
smug,1.5826001
disreputable,1.5754716
cheater,1.5752166
slimeball,1.5725647
rude,1.5698112
shoddy,1.5690714
spaz,1.5679818
fuckwit,1.5675247
egotistical,1.5649181
sod,1.5530363
raving,1.5525688
booger,1.5511547
fornicator,1.547143
simpleton,1.5454766
boorish,1.5453454
sneaky,1.5449713
pinko,1.5446624
conceited,1.5420053
sycophant,1.5417084
monster,1.5381155
ned,1.5374401
traitor,1.5356002
dyke,1.5295969
hypocritical,1.5291659
nosy,1.5242168
downright,1.5197656
womanizer,1.5182053
cheating,1.5170781
beastly,1.5140092
nerdy,1.506893
shameless,1.5067042
sickening,1.4999678
spineless,1.4975878
inconsiderate,1.4967825
tranny,1.4961178
narcissist,1.4945912
shite,1.4929243
ignorant,1.491722
troll,1.4910138
vindictive,1.4904019
ogre,1.4902762
wimp,1.4902423
fanboy,1.487231
snooty,1.48693
drivel,1.4854289
masochist,1.4839435
silly,1.4807778
awful,1.4803267
wee,1.4781653
sleazy,1.4775032
maggot,1.4758197
abominable,1.4711532
dastardly,1.4705107
sneering,1.4688103
brainless,1.4656709
drunkard,1.4613145
wastrel,1.4604178
sod,1.4603213
domineering,1.455828
naff,1.4557827
midget,1.4513935
horny,1.4513086
huckster,1.4492561
airhead,1.4491845
lazy,1.4476293
wicked,1.4458082
lecher,1.4437111
snotty,1.4396976
motherfucker,1.4327973
torturer,1.4318367
charlatan,1.4298135
fornication,1.4268884
atrocity,1.4244816
incompetent,1.4197153
despot,1.4184992
badass,1.415684
bollock,1.4136731
bullcrap,1.4111021
blackmailer,1.4036779
repulsive,1.4023207
derogatory,1.4014892
manky,1.4004983
bully,1.3960914
slapping,1.3915336
lucre,1.3902694
raving,1.3899606
lecherous,1.3894828
ungrateful,1.389085
nincompoop,1.388282
crummy,1.3855749
septic,1.3852213
heinous,1.3845093
macho,1.3810295
perpetrate,1.3777857
pikey,1.3759731
snide,1.3703401
monstrosity,1.3696812
lazy,1.3691806
hunky,1.3681329
wigger,1.3678485
disgraceful,1.3663436
worthless,1.3639844
tasteless,1.3620679
sycophant,1.3616302
deadbeat,1.3591449
brute,1.3574666
coon,1.356032
scummy,1.3552398
arsehole,1.3546485
drunken,1.3538542
shitty,1.3536545
homophobe,1.3533257
subhuman,1.3517722
butchery,1.3483626
prig,1.3470124
cocky,1.3395004
imbecile,1.3392496
nutter,1.3367744
unprofessional,1.3334021
deviant,1.3323787
sheeple,1.3322148
windbag,1.3315676
immoral,1.330236
demented,1.3287472
retard,1.3270773
bullying,1.3216621
wee,1.3205517
callous,1.3204259
sadism,1.3188022
bullshit,1.3182619
ridiculous,1.3176143
dickhead,1.3173068
humbug,1.3150215
obnoxious,1.3105437
daft,1.3097051
slaver,1.3084225
injun,1.3065341
disrespectful,1.3047332
wacko,1.3029483
layabout,1.3022317
bollocks,1.3002303
mutt,1.2988526
bossy,1.2959782
egomaniacal,1.2951845
shoddy,1.293245
loathsome,1.2927032
stoopid,1.2873068
smarmy,1.2871964
doos,1.2809287
toady,1.2795319
crazed,1.2770195
schemer,1.2766574
manipulative,1.2751735
glutton,1.2727959
wee,1.2726886
pillock,1.2712102
boring,1.2699896
snob,1.2662072
dishonorable,1.2652489
brainiac,1.2628779
certifiable,1.2617338
bollock,1.2613501
dullard,1.2585194
cunning,1.2504953
spew,1.2494902
freak,1.2488937
quisling,1.2484378
devilish,1.2474929
sham,1.2443662
workaholic,1.2426425
incest,1.242539
weakling,1.2415131
honky,1.2412789
murderous,1.2411951
pompous,1.2411468
savage,1.2398523
shiz,1.2355792
harridan,1.2344701
whiny,1.2326762
butthead,1.2308588
gina,1.2284018
heathen,1.2263983
bullshit,1.2233702
cheating,1.2226239
coward,1.221767
jerk,1.2195181
dreadful,1.2183924
grouch,1.2183136
inhumane,1.2148607
underhanded,1.2141858
jealous,1.2121683
prig,1.2108499
lying,1.2105311
lecher,1.2103262
contemptible,1.2097694
pogue,1.2064813
scary,1.2051233
naughty,1.2047538
faker,1.2040209
scissor,1.2018849
screwy,1.2000025
senseless,1.1990277
claptrap,1.1911543
bullshit,1.1908142
ruffian,1.1883231
venal,1.1882853
grump,1.1874539
minger,1.1866049
monster,1.1853894
puppet,1.1846371
sloth,1.1788639
hoax,1.1761953
barbaric,1.176133
goof,1.1757136
brag,1.1743184
sissy,1.1741041
deadbeat,1.1735321
shite,1.1721442
deluded,1.171019
traitor,1.1685812
jerkass,1.1674187
shite,1.1659347
witless,1.1636021
icky,1.1629198
bungling,1.1626431
chinky,1.1612693
ignoramus,1.1604343
psycho,1.1596359
grindcore,1.1587567
underneath,1.1562828
unworthy,1.1548708
mallcore,1.1540199
thoughtless,1.1532687
macho,1.1525137
insulting,1.1505991
traitor,1.1496204
miscreant,1.1486572
unfeeling,1.1474598
felon,1.1468932
miscreant,1.1454935
eejit,1.1452161
misanthrope,1.1435511
womanize,1.1416858
heretic,1.1371117
petulant,1.1356337
drivel,1.1355453
irresponsible,1.1336804
dope,1.1336123
diabolical,1.1319834
deranged,1.1307118
craven,1.1259033
cussing,1.1238734
unclean,1.1233733
cunning,1.1202434
numpty,1.1180827
wankery,1.1163822
ornery,1.1157663
hogwash,1.1107927
wank,1.1072139
stupidity,1.1056034
gossip,1.104953
bald,1.1047696
soulless,1.0978933
crapfest,1.0953743
profiteer,1.0935808
dishonesty,1.0929644
debauchery,1.0920113
tard,1.0918849
monster,1.0907508
insane,1.089709
mot,1.0866596
rancid,1.0824934
quackery,1.0781932
devious,1.0780957
voodoo,1.0778491
ghastly,1.0766453
saddo,1.0760502
bestial,1.0734359
warmonger,1.0689118
shiftless,1.0664129
deceiving,1.0637693
shithole,1.062124
buttcrack,1.0607477
wicked,1.0602891
pitiful,1.0600429
inane,1.0599051
shabby,1.054527
tacky,1.0542239
slanderer,1.0523376
prattle,1.0518756
childish,1.0508679
mendacious,1.049938
shithouse,1.0492055
bumble,1.04882
haughty,1.0484657
maniacal,1.04734
grouch,1.0472204
sociopathic,1.0449002
amoral,1.0442074
spic,1.0438231
fetid,1.0436645
stench,1.0432491
nutso,1.0408838
demeaning,1.0378136
wanksta,1.0357065
vag,1.0342995
crafty,1.0308954
hog,1.0306166
blooded,1.0295426
gomer,1.0272669
odious,1.0271484
ingrate,1.0269374
meth,1.021646
godless,1.020782
useless,1.0201158
usurper,1.0198568
grump,1.0186681
mockery,1.0172697
slander,1.0157164
wimp,1.0130191
dirtball,1.0123229
hocus,1.0122927
gyp,1.0102238
boring,1.0070935
cranky,1.0041231
wretched,1.0012458
stench,1.0008122
ignorant,1.0007477
cheat,1.000733
infidel,1.0007228
pretentious,1.0007099
savage,1.0006902
greed,1.0006466
vulgar,1.0005534
gossip,1.0005473
twink,1.0005108
hustler,1.000501
nefarious,1.0004996
tart,1.0004469
incompetence,1.0004252
seedy,1.0004184
wop,1.0004138
inhumanity,1.0003914
blasphemy,1.0003898
div,1.0003739
zealot,1.0003258
cracker,1.0001127
shady,1.0000462
bloodthirsty,1.0
ginger,0.99984204
dummy,0.99978806
abusive,0.99978604
prick,0.99978521
obscene,0.99972297
mook,0.99971044
sucker,0.99970684
reprehensible,0.99967207
miser,0.99966227
arrogance,0.99962435
ugliness,0.99960588
idiocy,0.99954255
raghead,0.99952609
shyster,0.99950537
braggart,0.99947894
boner,0.99943297
dago,0.99941781
crass,0.99940833
meeja,0.99917579
cruelty,0.99899831
delinquent,0.9981394
badness,0.99785335
spaz,0.9951664
bully,0.99507832
whoremonger,0.99003655
sneer,0.98971266
evildoer,0.98654976
fucktard,0.98596427
hooligan,0.98545504
humbug,0.98433134
gobshite,0.9832637
bummer,0.98258352
brag,0.97925755
sordid,0.97775481
detest,0.97770615
cheesy,0.97715432
hack,0.97290137
wog,0.97118361
sloppy,0.97069622
hick,0.97030326
minion,0.96862842
reprobate,0.9663361
bogan,0.96503692
ungodly,0.96363913
troll,0.96195856
domineering,0.96081435
degrading,0.96079982
boastful,0.96058681
hoax,0.95983932
flid,0.95703589
ruffian,0.956614
egotist,0.956542
troublemaking,0.95475559
hairy,0.95076493
insufferable,0.94990419
blacky,0.9498583
greaseball,0.94744296
dag,0.94364624
craven,0.941927
jobsworth,0.9416749
suck,0.94000356
traitorous,0.93893863
kike,0.93723765
gluttonous,0.93672604
ruffian,0.93645617
nutty,0.93446831
gibberish,0.93391676
blasphemer,0.9320018
slanderous,0.9315521
curmudgeon,0.93123798
pisshead,0.92918631
tubby,0.9289826
killjoy,0.92853493
shredding,0.92835257
whorehouse,0.92797655
dipshit,0.9278
connive,0.92588083
fanboy,0.92302456
wazzock,0.92282228
squid,0.92093448
vomit,0.91862368
knobhead,0.91800415
narcissistic,0.9165536
wimpy,0.91636541
bully,0.91489977
unethical,0.91462512
wanton,0.91394955
dope,0.91365729
twisted,0.91095499
undead,0.91091928
sanctimonious,0.90919629
spick,0.90854553
immorality,0.90770044
were,0.90759902
utter,0.90691016
craven,0.90609247
shitbag,0.90428654
dopey,0.90314614
skimpy,0.89978658
naysayer,0.89978208
cynic,0.89929884
tyrannical,0.89834574
pendejo,0.89686767
sacrilege,0.89591519
slaver,0.89573074
clem,0.89432448
prattle,0.89313548
foolish,0.89230264
jagoff,0.89160098
plagiarism,0.89153798
gory,0.89051546
shithead,0.89034192
kinky,0.88995319
smut,0.88947178
cuckold,0.88735468
uncultured,0.88612938
feckless,0.88428081
tramp,0.88383397
asshat,0.88249038
glutton,0.88200174
slimebag,0.88158179
doddering,0.88146894
slovenly,0.87851423
decadent,0.87845702
himbo,0.87715367
complainer,0.87682161
indecent,0.87674832
brag,0.87668129
arseface,0.87609257
shitload,0.8757106
betrayer,0.87544624
pervert,0.87480553
numbnuts,0.87369322
smackhead,0.87271043
malevolent,0.87267353
sham,0.87192521
nonsense,0.87181878
travesty,0.87030873
reek,0.86879287
bimbette,0.86784936
coddle,0.86734501
bampot,0.86607329
reek,0.86604826
spank,0.86550979
disreputable,0.86542229
petty,0.86499842
freak,0.86456611
mope,0.86439996
leer,0.86410879
milquetoast,0.86354963
trucker,0.86333629
gutless,0.86254275
ruthless,0.86243172
pikey,0.86204452
unspeakable,0.86200621
bratty,0.86130289
horrendous,0.85930797
assclown,0.85759939
lascivious,0.85573514
muppet,0.85490587
negress,0.8521835
yid,0.85172541
brute,0.85086414
clod,0.85025523
hokey,0.84987924
delinquent,0.84926546
spew,0.84654809
homewrecker,0.84560352
ditzy,0.84507779
rudeness,0.84390825
creepo,0.84273528
adultery,0.83809572
weakling,0.83782094
yutz,0.83505517
derogatory,0.83495128
dowdy,0.8342264
twunt,0.8337055
quim,0.83326505
barbarity,0.83168417
impertinent,0.83128123
puta,0.83087808
vainglorious,0.83080363
incorrigible,0.82846546
backbiting,0.8283103
twaddle,0.8281349
cheeky,0.82641822
sissy,0.82582692
glowering,0.8255463
cruddy,0.82534251
catty,0.82496345
poontang,0.82350824
smeghead,0.82307782
dogshit,0.82185191
schlong,0.82112832
weeb,0.82082106
avarice,0.81987103
gino,0.81512828
wart,0.81482631
nitpicking,0.81455741
bogus,0.81428325
evilness,0.81329199
gyp,0.81232452
demean,0.81226114
naught,0.81180512
scumbucket,0.81011947
coolie,0.80946709
disgrace,0.80881593
cholo,0.80858151
hurtful,0.80836521
horseshit,0.80715121
niggy,0.80691376
toots,0.80521884
sleazoid,0.80438777
negligence,0.80277915
lurk,0.80245677
effeminate,0.80192502
vokills,0.80171023
wacky,0.80163914
submissive,0.80138749
uppity,0.80082828
anorexic,0.80020255
grotesque,0.79830569
hammy,0.79749653
pettiness,0.79637633
mouthy,0.7959403
flamer,0.79526455
harlot,0.79520398
fuckoff,0.79510605
spack,0.79377432
pointless,0.79288188
malignant,0.79280349
artfag,0.79160679
puerile,0.79156959
monstrous,0.79138961
gimboid,0.79115486
snobbish,0.79026821
arsed,0.78986094
jigaboo,0.78872745
boaster,0.78820348
queer,0.78698259
boff,0.78519179
muppetry,0.78489145
henchman,0.78393561
stank,0.78387631
leer,0.78346163
deceiver,0.78269834
suicidal,0.78248207
swindler,0.78118151
cringe,0.78089472
shitter,0.77947343
cantankerous,0.77908849
laughable,0.77807155
fuckface,0.77712909
renegade,0.77679504
mucky,0.77631615
girlyman,0.77615973
hokum,0.77573506
crabby,0.77442302
pout,0.77370948
vicious,0.77359326
vapid,0.77320863
atrocious,0.77220016
dunce,0.77172613
menial,0.77151922
fuckdoll,0.7692732
ignoranus,0.76713197
damning,0.76523465
gippo,0.76521374
weeaboo,0.76395089
laziness,0.76255351
lech,0.76227668
crooked,0.76205019
goof,0.76169365
hobgoblin,0.76156466
nag,0.76113111
dilettante,0.76078804
slickster,0.76032546
fuckbrain,0.7592649
envy,0.75918272
paranoid,0.75889071
prissy,0.75842899
pindick,0.75832378
grouchy,0.75683198
spearchucker,0.75652743
dickster,0.75610765
envy,0.75594172
pisspot,0.75589485
slumlord,0.75524391
piffle,0.75496099
crapness,0.75475273
ham,0.75468352
frog,0.75259437
infuriating,0.75201354
savage,0.75141218
goddamned,0.7493977
dickweed,0.74939719
jerkwad,0.74881347
dumbarse,0.74713145
reprobate,0.74647741
recluse,0.74640945
cocky,0.74494556
grubby,0.74478633
squalor,0.74468839
undeserving,0.74379253
shitface,0.74360138
demagogue,0.7431994
mong,0.74318655
avaricious,0.74152144
reprobate,0.74135968
heathen,0.74023311
venomous,0.74010097
vomit,0.73822751
barmpot,0.73786774
airheaded,0.7366894
jit,0.73476515
sulky,0.73469826
whinge,0.73468279
intolerant,0.73392102
blundering,0.73368228
perversion,0.7335374
foppish,0.73311242
barbarous,0.73282612
neglectful,0.73234852
sinner,0.73207919
spoilt,0.73188842
toucha,0.7315584
despise,0.7311442
ginzo,0.73079888
jammy,0.73018961
maladroit,0.72988831
crunchie,0.7298157
shortarse,0.72952906
blabber,0.72860451
picky,0.728364
bashing,0.72831785
goit,0.72789083
gossipy,0.72739649
pervy,0.72666282
misbegotten,0.72663054
lamebrain,0.72422555
cursed,0.72343853
rampaging,0.72334614
sham,0.72319509
culchie,0.72265216
wastoid,0.72173474
fooking,0.72022463
foible,0.71965261
crony,0.71922772
goffel,0.71907761
187,0.71754986
cocksucking,0.71744975
abuser,0.71607338
treasonous,0.7150984
buttface,0.71447954
viciousness,0.71387081
bamma,0.71287332
dissolute,0.71286376
careerist,0.7108043
dicking,0.71077261
kooky,0.71035326
fuckshit,0.71032258
cynic,0.70993712
satanic,0.70990739
dope,0.70948028
creepy,0.70923192
mediocre,0.70864743
fucko,0.70854364
bullshitter,0.70779013
tong,0.70768923
genocidal,0.70764499
underling,0.70682965
orangie,0.70641512
sneer,0.70563612
niglet,0.70547817
grotty,0.70546446
bigotry,0.70458495
fascist,0.70326993
feminazi,0.70295675
voodoo,0.70131127
profane,0.70126518
carebear,0.70110784
slunt,0.70078146
mumble,0.70077958
freak,0.69877
cumskin,0.69820702
shits,0.69798447
seppuku,0.69766529
vileness,0.69728113
shitkicker,0.6971289
grin,0.69665791
pseudointellectual,0.69537976
mole,0.69521517
imposter,0.69510591
fook,0.6950067
frigging,0.69425741
fuckstick,0.69416447
troublemaker,0.69393986
cheat,0.69387239
fucknut,0.69362478
paleass,0.69285002
piddle,0.69280303
snook,0.69279243
wankster,0.69272739
dud,0.69272607
beast,0.69259453
emaciated,0.69191805
whorish,0.69163662
arsonist,0.69140278
subhuman,0.69113779
misanthropic,0.69063423
wankstain,0.69042099
wetback,0.68972185
suck,0.68965651
dickwad,0.68912829
vomitskin,0.68909664
pukeskin,0.68909664
scary,0.68872009
keeno,0.68827227
villainous,0.68797631
selfishness,0.687376
darkey,0.68694801
cumslut,0.68568218
psychobitch,0.68556262
skeezer,0.68401332
dothead,0.68239876
shitmuncher,0.68187689
sloppiness,0.6815148
clodpole,0.68142841
cocksucker,0.6807952
fuckload,0.68072693
snarky,0.68048754
gruesome,0.68038656
thundercunt,0.68032452
hoaxer,0.6796195
craphole,0.67878426
twazzock,0.67819811
swaggering,0.67762826
gibberish,0.67735486
plig,0.67722272
leer,0.67718184
dickbag,0.67612998
smear,0.67612149
underneath,0.67594291
wazzer,0.67561539
fuckery,0.67510364
ruthlessness,0.67506232
frogeater,0.67461877
sickly,0.67459727
oddball,0.67435639
hairyback,0.67266463
divvie,0.67198582
clod,0.67130931
dickfuck,0.6712292
masochistic,0.67100819
hobo,0.67100377
shagging,0.67051986
squaw,0.66965593
humping,0.66890629
douchewagon,0.66873843
doucheburger,0.66873843
douchecanoe,0.66873843
fuckpot,0.66867656
bizzie,0.6683818
trucker,0.66753269
snaggletooth,0.66752826
spotty,0.66714335
knob,0.66706031
blab,0.66635468
profiteer,0.66614531
scoff,0.66605169
cursing,0.66587424
cheapskate,0.6658434
cumshot,0.66550354
sore,0.6653438
retarded,0.66500985
skeeze,0.66487538
neurotic,0.66423003
bumfluff,0.66367897
stunod,0.66331956
exhibitionist,0.66323183
cockshit,0.66304649
boofhead,0.66296884
diabolic,0.66259758
nerdbrain,0.66236359
tormentor,0.66219804
wanky,0.6618785
shitbucket,0.66168722
fuckbucket,0.66168722
mindfuck,0.66100541
jerkface,0.66095973
tightass,0.66080697
feral,0.66017012
nastiness,0.65999185
slowcoach,0.65993135
spazmo,0.65979513
artfuck,0.65929311
fucklet,0.65915705
baldie,0.65911562
crook,0.65881324
lardass,0.6587834
fuzznut,0.65875708
chickenlips,0.65834006
browneye,0.65795722
irresponsible,0.6579365
profligate,0.65788083
drool,0.65765449
transgendered,0.65741931
cuntlicker,0.6570922
gawth,0.65665226
shitburger,0.65662593
pinkskin,0.65646337
fuckling,0.65609012
dweebling,0.6558128
unwashed,0.65576501
dicksplash,0.65561769
sadfuck,0.65561769
assmonkey,0.65560273
arsehead,0.65555816
taig,0.65555339
misdeed,0.65551233
junky,0.65549043
fuckfest,0.65496539
impudent,0.65473394
induhvidual,0.65429323
beanbrain,0.65398976
grotesque,0.65367678
douchefag,0.65343465
proselytute,0.65332151
spurn,0.65291091
dickbrain,0.65254079
cementhead,0.65213738
bitchface,0.65213738
blubbo,0.65205942
depressoid,0.65205942
shitbird,0.65186033
hypocrisy,0.65167774
asswad,0.65165425
cuss,0.65102882
nutsack,0.6504465
dicknut,0.65042844
heeb,0.65031952
whoreshit,0.64998762
idiota,0.64937665
fatfuck,0.64921239
spigger,0.64912678
utter,0.64909546
buttbreath,0.64897588
clueless,0.64893886
albo,0.64867422
smegger,0.64843355
leftard,0.64812213
shitstain,0.6480571
arsebreath,0.64784197
jackhole,0.64774048
turdlicker,0.64739763
fagtard,0.64734572
sluthead,0.64723651
pommy,0.64719304
gadgie,0.64712468
philistine,0.6469473
pisspants,0.64649373
moffie,0.64618145
insensitive,0.64614401
fuckbag,0.64593157
tardling,0.64551068
rant,0.6453066
geebag,0.64498813
spazzer,0.64468215
snowbilly,0.64433161
cooze,0.64422009
fugly,0.64388309
zipperhead,0.64365007
racketeer,0.64330732
whackjob,0.64320791
nerdlinger,0.64279668
hosehead,0.64275393
meanderthal,0.64275393
assmunch,0.64213759
psychotic,0.64191784
genderqueer,0.6418647
backbite,0.64181337
slander,0.64160865
gluttony,0.64121149
avenge,0.64104308
scumsucker,0.64087724
jizbag,0.6408393
starfucker,0.64021857
fearsome,0.64010922
sheboon,0.6391271
glasshole,0.63901465
schemie,0.63868429
bourgie,0.63805758
corny,0.63802567
distasteful,0.63794693
wonk,0.6378733
disagreeable,0.63768142
jerkoff,0.63753268
merkin,0.63654887
pussyhole,0.6357036
libtard,0.63519567
supercunt,0.63513026
torturing,0.63410159
fuckhole,0.63399407
behead,0.63381109
mombie,0.63329387
cockmuncher,0.63301951
cockmunch,0.63301951
identikit,0.63279524
cunny,0.63273534
cockaholic,0.63219202
dumbhead,0.63216783
insolent,0.63116588
scrawny,0.63075058
megabitch,0.62960243
antisocial,0.62955493
cowshit,0.62949487
wankette,0.62942436
furfag,0.62926367
anorexic,0.62883198
assholedom,0.62852325
scissor,0.62810575
yanqui,0.62800254
assfucker,0.62733079
buttfuck,0.62713743
immature,0.62645087
depravity,0.62619606
technotard,0.62612641
clusterfuck,0.62609253
stroppy,0.62455457
rockspider,0.62453706
fuckhead,0.62412878
bolshie,0.62388072
turdball,0.62341944
coonass,0.62296197
cuntbiscuit,0.62287202
dicksucker,0.6227368
unsavory,0.62205216
snout,0.62191231
uncouth,0.62097717
clitlicker,0.62089736
sperg,0.619946
nief,0.61969473
crackerass,0.61954399
tardface,0.61924112
fatbutt,0.61923103
lardbutt,0.61923103
farang,0.61891925
niggerfuxation,0.61840897
shitbox,0.61824818
uglies,0.61787983
bohunk,0.61783812
crapface,0.61774426
craphead,0.61774426
wasbian,0.61706067
hasbian,0.61706067
baglady,0.61702235
slipshod,0.6164878
vidiot,0.61629603
schizoid,0.61596917
whiteass,0.61579061
shitneck,0.6156634
cuntsucker,0.61564987
hangdog,0.61478934
merciless,0.61477514
poppycock,0.61383019
bulldagger,0.61344709
taunting,0.61274738
fatface,0.61226079
niggerese,0.61106432
cockblock,0.61074466
perfectionist,0.61070963
poophead,0.61041796
burrhead,0.61033071
koranimal,0.60998753
mudslime,0.60998753
sperglord,0.60898124
shitstorm,0.60893418
tawdry,0.6080824
sorostitute,0.607823
shart,0.6076036
shirker,0.60697893
tosspiece,0.60696834
understatement,0.60623746
greener,0.60561934
niggerdick,0.60496186
celebutard,0.60470207
galoot,0.6042228
fucktardery,0.60411164
bugfucker,0.60327716
jackwagon,0.60322077
godman,0.60279677
mooselimb,0.60274027
tryhard,0.6012648
gurrier,0.60063667
philander,0.60016741
cockwomble,0.59968141
shitass,0.59950683
shitskin,0.59907056
egotistic,0.59871919
superfuck,0.59869705
slutbag,0.59817207
niggerfucker,0.59789453
bossy,0.59740272
drivelling,0.59722053
bonkers,0.59714408
megadouche,0.59705179
prickhead,0.59668092
shame,0.59659974
craphat,0.59648673
cretinous,0.59635617
roundeye,0.59628318
spoilsport,0.59596332
ballbag,0.59495539
wankhead,0.59473353
wankface,0.59473353
vegelate,0.59421388
handegg,0.59402231
cuntling,0.59385206
queerbait,0.59369191
bringdown,0.5930048
cuntbucket,0.5923725
doilem,0.59230092
dickhole,0.59218489
scanger,0.59202188
shitpicker,0.59190713
niggerfaggot,0.59126659
hosebeast,0.59100555
cockster,0.59091297
surly,0.59055201
lez,0.59037398
derm,0.59032159
wizened,0.59022744
beanbreath,0.59016142
dicksplat,0.59013785
sodding,0.5894617
fingerbang,0.58918223
bluehair,0.58912886
nancyboy,0.58910943
umlungu,0.58881216
shitbum,0.58865355
douchiness,0.58860037
niggergram,0.58859393
butterbody,0.58818443
moonrunes,0.58790733
prostitot,0.58774083
cockbreath,0.5876967
dickbreath,0.5876967
weeniehead,0.58767489
fibber,0.58764569
radgie,0.58756301
dickweasel,0.58751565
wogball,0.58717342
rayah,0.58711767
sleazo,0.58693542
lardbucket,0.58656995
zerobrain,0.58626014
cavalier,0.5861808
snowflake,0.58606527
farthead,0.58562315
knave,0.58550248
cuntbutt,0.5853789
hungover,0.58534371
heirhead,0.58528319
poofery,0.58513164
shitfucker,0.58497813
stuffy,0.58494154
nappyhead,0.58477245
slangrill,0.58466781
yarco,0.58462787
buckra,0.58444453
fucktwat,0.584292
knobtwat,0.584292
baniak,0.58418148
gormless,0.58397487
celebretard,0.58388483
cyberfreak,0.5835976
shiteater,0.58347577
hiptard,0.58301532
cankle,0.58259023
twatwaffle,0.58250676
shriekling,0.58194757
lackbrain,0.58173546
sheeny,0.58172089
pickaninny,0.58151983
asstard,0.58120452
glaik,0.58106509
truscum,0.58091416
superprick,0.58083442
cockfag,0.58074106
queermo,0.58070975
doofoid,0.58048175
meff,0.58039112
creepmouse,0.58019339
trollface,0.5800992
skygod,0.58007104
skydaddy,0.58007104
shitwit,0.57998483
gaywad,0.57971935
wannarexic,0.57941586
nonentity,0.5794067
biostitute,0.57928419
pollyspeak,0.57914399
kiasu,0.5791153
stinkfest,0.57897756
gegger,0.57890145
daughterfucker,0.57889279
groid,0.57883134
klutz,0.5783693
counterjumper,0.57826957
shitgoblin,0.57821016
shitnugget,0.57821016
turdbucket,0.57821016
shitpuddle,0.57821016
cancerette,0.57819435
shinner,0.57784431
perverse,0.5778088
crotchling,0.57780183
gobemouche,0.57778251
minge,0.57770192
yabbut,0.57757317
fleshloaf,0.57748947
muzrat,0.57735426
muzzie,0.57735426
pisslamist,0.57735426
moonspeak,0.57733475
supershit,0.57675766
piecard,0.5767293
keak,0.57664273
sleb,0.576613
dipwad,0.57654262
skaapie,0.57631766
lactonazi,0.57631766
dorkwad,0.57631766
yupster,0.57631766
feminoid,0.57631766
cockteaser,0.57608892
shambling,0.57605527
cuntservative,0.57600974
termagant,0.57563667
sisterfucker,0.57552932
plyg,0.57518375
cheesedick,0.57498149
turdpile,0.57494099
butterface,0.57472406
superhuman,0.57469537
thief,0.57462202
guidette,0.57448835
doubledome,0.57444097
niggerling,0.57434814
abortuary,0.57426705
niggerlips,0.57414769
mongtard,0.57378186
barse,0.57353455
shitnuts,0.57338317
pukeface,0.57332315
jagweed,0.57320865
fatshit,0.57320127
mleccha,0.57320127
unkind,0.57256469
clingy,0.57256291
pissbaby,0.57251822
ashamed,0.57230883
crook,0.57226224
wackadoodle,0.57200944
fuckmobile,0.57185795
debutard,0.57144959
hambeast,0.57083664
landwhale,0.57083664
twistorian,0.57072383
sore,0.57024794
untrustworthy,0.57020858
stinkbag,0.57019067
creeps,0.56982661
fuckbunny,0.56963982
assclownery,0.56952008
douchery,0.56952008
fuckstain,0.56892727
lardball,0.56876175
asshattitude,0.56875143
scorned,0.56867618
wapanese,0.56850278
fuckmachine,0.56843198
antilifer,0.56803938
wanton,0.56768511
squaretoes,0.56729626
pigshit,0.56718834
fuckathon,0.56712195
rightard,0.56689935
gunloon,0.56667668
ammosexual,0.56667668
barstooler,0.56603827
fuckwittedness,0.56569486
clacka,0.56552722
pleb,0.5653662
slutwad,0.56528453
viper,0.56502048
zigeuner,0.564663
ecofreak,0.56465999
masochism,0.56463521
nigra,0.56462422
permavirgin,0.56418159
senile,0.56414046
fuckworthiness,0.56408496
motherfuckerhood,0.56408496
motherfuckerdom,0.56408496
cuntful,0.56402784
faglet,0.5630354
fagling,0.5630354
whorehound,0.56228854
certifiable,0.56227461
hefemale,0.56220062
psychobabbler,0.56210323
spitstick,0.5616769
fuckpole,0.5616769
geekwad,0.56153115
shitwad,0.56149377
insincere,0.561136
prickwad,0.56058128
douchewad,0.56058128
pudwhacker,0.56051941
hellish,0.56023156
dicksicle,0.55936501
fuckee,0.55932612
blather,0.5590529
warped,0.55891716
cuntfest,0.55842484
shitmobile,0.55809493
mantit,0.55808459
fuckfriend,0.55795064
headfuck,0.55751057
shlong,0.55748832
bobbar,0.55738562
bobar,0.55738562
trickster,0.5573219
begathon,0.55718276
ecofanatic,0.5570715
econut,0.5570715
fucknugget,0.55700267
grin,0.55677461
cuntwhore,0.55643257
fucktape,0.55590463
menacing,0.55573331
pisshouse,0.55565515
pisshole,0.55492263
muff,0.55488457
bumfuck,0.55476414
gazomba,0.55467146
snizz,0.55467146
peacenik,0.55458165
bazonga,0.5545188
fuckmate,0.55444557
lamage,0.554201
fucksore,0.55394733
shitbrain,0.55343176
cockbrain,0.55343176
wankerdom,0.55334052
grumpy,0.55331143
gazonga,0.55318594
cockhole,0.55309151
spokesmodel,0.553076
clitsucker,0.55279476
bungus,0.55279476
dumbfuckery,0.55279476
donkeyshit,0.55279476
catshit,0.55279476
fuckhouse,0.55279476
asscheek,0.55279476
bullscutter,0.55279476
dumbassery,0.55266328
shitfuck,0.55234486
cunthead,0.55234486
asspussy,0.55169352
niggerism,0.55165148
dickling,0.55151563
dicklet,0.55151563
griefathon,0.55136895
twaddle,0.55129049
assface,0.55128703
fleabrain,0.55101904
cuntbreath,0.55098522
flatulent,0.5509745
queeb,0.55091807
asswhore,0.55077525
flabby,0.55070238
cuntboy,0.55058005
ballsy,0.55031172
rockist,0.55019209
cuntshit,0.54967838
cocklicker,0.54967838
buggerhead,0.54967838
shitlicker,0.54967838
cockface,0.54967838
cuntass,0.54967838
dickass,0.54967838
repugnant,0.54937901
chiseler,0.54820703
sly,0.54807387
corpulent,0.54800355
shitton,0.54755606
inexpert,0.54634586
shitflood,0.54607055
fuckton,0.54607055
misfit,0.54580438
cumsicle,0.54507596
fuckheadedness,0.54503141
assholism,0.54503141
phonicator,0.54448172
titwank,0.54430839
bitchload,0.54422256
malcontent,0.54398816
cockserver,0.54384302
schvartze,0.5437936
balljuice,0.54376749
abject,0.54344854
freakish,0.5431359
wankjob,0.54306869
poopskin,0.54288658
despotic,0.54278213
headfuckery,0.54259614
spanger,0.54222451
cuntfuck,0.54198179
jag,0.54194007
braggadocio,0.54188952
stupidass,0.5418876
unworthy,0.54178419
tricknology,0.54060203
munt,0.53994459
superdick,0.53993097
vandal,0.53971028
blatant,0.5393982
abusiveness,0.5392925
monomaniac,0.538723
niggerspeak,0.53775828
niggerbabble,0.53775828
callousness,0.53670596
swigger,0.53638767
addled,0.53565165
mulattress,0.53561203
unholy,0.53543682
furfaggotry,0.53515932
superpatriot,0.53508478
bitchwad,0.53496153
catlicker,0.53493792
reaper,0.53443968
charva,0.53415077
ravings,0.53380674
bungling,0.53250402
fuckroom,0.53224566
fucktoy,0.53133138
fuckass,0.5304829
chowderhead,0.52998125
douchelord,0.52980317
fembitch,0.52924406
femcunt,0.52924406
divershitty,0.52924406
whine,0.52894443
fucktwit,0.52863527
mlungu,0.52810726
humiliating,0.52743526
suckfest,0.52742687
tardlet,0.52730823
langer,0.52701199
superbitch,0.52634768
hog,0.52619722
foulness,0.52609509
unctuous,0.52607832
niggeress,0.52602428
lifestylism,0.52566265
assbrain,0.52559158
moegoe,0.52526197
artsy,0.5243983
douchebro,0.52430498
paranoid,0.52414941
queefer,0.52408682
niggerbitch,0.52407237
mistress,0.52304833
niggerwhine,0.52274213
taskmaster,0.52253892
muslimtard,0.52230419
ambonoclast,0.52204557
buttfucker,0.52175626
bitchzilla,0.52172578
horribleness,0.52170678
gibber,0.52149052
rudeling,0.52143055
ineptocracy,0.52134398
bullyman,0.52130549
nonsense,0.5209778
deceit,0.5207786
slutface,0.52077067
fuckspeak,0.52026042
femtard,0.52013368
ziotard,0.52013368
nipcheese,0.52013368
schlockumentary,0.51935156
abhorrent,0.51857531
hedonistic,0.51856695
supercilious,0.5181502
femmunist,0.51748547
beaner,0.51741169
reffo,0.51739489
grobian,0.51737924
fagboy,0.51614988
basbleu,0.51589805
gweipo,0.51582283
crybully,0.51516819
slutdom,0.5149724
facturd,0.51493256
henpecked,0.5144108
niggerishness,0.51416042
presstitute,0.51401778
shitcom,0.51351075
faanishness,0.51350419
charmless,0.5129573
craziness,0.51262319
bankster,0.51225085
manslut,0.51205483
goldensprog,0.51181532
libertard,0.51131225
conservatard,0.51131225
glibertarian,0.51131225
fakefan,0.51104758
moneyhatting,0.51099473
transcribbler,0.5104874
prideful,0.51043138
pussylicker,0.50983533
fantard,0.5096504
femspeak,0.50931021
blither,0.50921
clicktivism,0.5087507
shandrydan,0.50871691
pisscutter,0.50870361
shallowpate,0.50866991
tinfoilhattery,0.50862193
roguish,0.50841858
clipcock,0.50812878
taxaholic,0.50785171
godmoder,0.50770347
finook,0.50740371
sluthood,0.50734436
hated,0.50716459
gomerette,0.50708306
confan,0.50707728
cuckold,0.50698084
sulky,0.50648601
grammaticaster,0.5064351
spiclet,0.50637248
woodpusher,0.50616815
shrewish,0.50576162
nag,0.50565726
technoweenie,0.50548099
niggerhood,0.50546767
niggerness,0.50546767
unintelligentsia,0.50534617
zinefan,0.50519755
demonic,0.50511745
geekling,0.50499967
dweeblet,0.50499967
nerdling,0.50499967
geeklet,0.50499967
nerdlet,0.50499967
crapitalism,0.50496282
ziggaboo,0.50488831
smuthound,0.50488831
prude,0.50486309
dogan,0.50417217
lawyerball,0.50410839
cocksure,0.50409211
idiotfest,0.50391136
hatchet,0.50389501
priestling,0.50385932
cyberbabble,0.50378983
bograt,0.50352766
rulemonger,0.50352144
pudgy,0.50335396
mediafan,0.50332086
infamous,0.50324084
aphorismer,0.50301162
smutmonger,0.50301162
homofascist,0.50301162
heterofascist,0.50301162
starmonger,0.50301162
druggo,0.50271611
churnalist,0.50260555
ostrichism,0.50256867
gruff,0.50229033
crapitalist,0.50220905
slutness,0.50197378
swarthy,0.50196611
godmoding,0.50194389
niggerdom,0.50180552
mountaintopism,0.5017536
doughfaceism,0.50171646
educrat,0.50163516
shittery,0.50150907
crazymaker,0.5014637
proctorage,0.50146329
bungler,0.50130211
curebie,0.50125143
lechfest,0.50118493
popehead,0.50113493
cutesy,0.50090279
classitis,0.50080581
versemonger,0.50053937
hopium,0.50048934
yakfest,0.5003766
repmobile,0.50034868
negrophile,0.50033416
fuckjuice,0.50026092
peacemongering,0.50011208
uptight,0.50010573
curialism,0.49968332
fringefan,0.49921155
religofascist,0.49858775
religiofascist,0.49858775
batshittery,0.49848747
vivisection,0.49816411
crotchety,0.49803053
asslifter,0.49787661
cookbookery,0.49782308
virtuecrat,0.49714206
brotherfucker,0.49650035
hocus,0.49644037
nutso,0.49637729
superstitious,0.4959685
homonazi,0.49576435
heteronazi,0.49576435
gospelmonger,0.49576435
pollutician,0.4957002
pulpiteer,0.49566696
glosser,0.49553822
shitpile,0.49542183
neotard,0.49509488
conspiratard,0.49509488
fauxminist,0.49509488
creotard,0.49509488
religitard,0.49484643
pigopoly,0.49476935
motherfuckery,0.49473409
environazi,0.49463119
shitbaggery,0.49441513
managementese,0.4942307
kiasi,0.49382324
shitheadedness,0.49364813
fabrication,0.49351408
unfunny,0.49345578
antichoicer,0.49329909
turncoat,0.49315374
niggerman,0.49300028
doomtard,0.49272742
bitchlet,0.49265749
belittle,0.49229286
cuntishness,0.49177144
greasy,0.49137181
fuckability,0.49121221
mumble,0.49115502
phrasemonger,0.49102479
cuntiness,0.49077892
speechification,0.49077186
lubra,0.49061756
pissaphone,0.49040914
managerese,0.49009156
dickfest,0.48972004
diplomatese,0.48970978
wendy,0.48961224
corporatespeak,0.48940542
clithead,0.48915613
starfucking,0.48888995
hypochristian,0.48874989
barmy,0.48816596
dickgirl,0.4879261
petroholic,0.48786118
fuctuplets,0.48777172
indigent,0.48741942
churnalism,0.48733454
fleshling,0.48719451
femifascism,0.48656839
sullen,0.4865012
piercing,0.48625981
chicanery,0.48620722
beave,0.4861369
battner,0.48602008
cousinfucker,0.48503734
tonguefucker,0.48499344
fuckumentary,0.48443245
bedwetter,0.48431464
pussyfication,0.48395097
bust,0.4836433
cockshaft,0.48349614
slapdash,0.48343691
fuckedupedness,0.4832386
fuckedupness,0.4832386
cunthood,0.48315087
cuntdom,0.48315087
spit,0.48290412
cumguzzler,0.48222375
chingadera,0.48220314
lawbreaker,0.48213702
cumball,0.48212231
footfuck,0.48157615
tonguefuck,0.48157615
ecopornography,0.48141924
soutie,0.48136542
shithouse,0.48135882
cocktease,0.48134073
hockle,0.48117541
spreadmart,0.48093626
libertine,0.48051457
negroism,0.48039798
rant,0.48035153
animalistic,0.47992392
dutiful,0.47959729
craphouse,0.47948873
bangability,0.47948873
shaggability,0.47948873
asstunnel,0.47948873
cuntlicking,0.47948873
birdshit,0.47948873
cumwhore,0.47948873
poophole,0.47948873
cuntlips,0.47948873
inept,0.47934818
assfuck,0.47894257
bullshittery,0.47880259
linthead,0.47880016
dogbolt,0.47874163
freaklitter,0.47866134
rhymery,0.47860922
libertardian,0.478327
yekke,0.4780223
cuntlessness,0.4777803
evilution,0.47770021
sheepshit,0.47761204
fuckwittery,0.47745652
maliciousness,0.47704931
shifty,0.47699955
nauseating,0.47651113
dicksucking,0.47593266
marketroid,0.47459012
crapton,0.47450087
shitfest,0.4743632
tardy,0.47423769
bamp,0.47390971
bearshit,0.47385865
shitcan,0.47385865
fuckedness,0.47369023
sarcastic,0.47352726
fuckover,0.47287904
fuckpad,0.47281977
cowardice,0.47279684
humpability,0.47224146
fuckshop,0.47224146
arseholery,0.47172537
bungle,0.47162627
bootyhole,0.47157198
assholery,0.46984868
impious,0.46873818
wankfest,0.46839418
meanness,0.46814153
mindfucking,0.46711295
fetid,0.46519168
devilment,0.46403311
sickly,0.46397882
teasing,0.46235526
loob,0.46227814
exterminate,0.46204244
whaleshit,0.46191078
imbecilic,0.46141853
chigger,0.46041921
exhibitionist,0.46028577
craporama,0.46015345
perversity,0.45974926
licentious,0.45959205
feelgoodery,0.45939777
nought,0.45929981
wazoo,0.4590128
technographer,0.45849639
graceless,0.45820323
newspaperism,0.4581176
niggeration,0.45797644
fagazine,0.45793804
tearaway,0.45686035
fuckster,0.45680914
chickenshit,0.45672969
recluse,0.45558122
felonious,0.45544927
sore,0.45488274
dissembler,0.4548116
asinine,0.45455087
heartsink,0.45440227
fuckwad,0.45429911
sinister,0.45379231
bulimic,0.45345348
nagger,0.45340784
unprincipled,0.45305785
craptacular,0.45240776
hopeium,0.45226797
manbaby,0.45143132
decadent,0.45132372
wickedness,0.45068899
historicaster,0.45025111
fanbrat,0.4499375
evilutionist,0.44988199
hotheaded,0.44964581
mimsy,0.44951438
homolover,0.44943863
aught,0.44855134
extermination,0.44842561
quackademic,0.44801819
federalese,0.44778596
stereotypical,0.44725324
gaytheist,0.44682764
blandscape,0.44682764
chairwarmer,0.44680782
lifestylist,0.44659676
biotruth,0.44653259
desecration,0.44626027
inane,0.44620069
plebvision,0.4461415
horrifying,0.44603667
piccanin,0.44588799
faggotism,0.44569373
scoff,0.44474904
blowbang,0.4444006
fancruft,0.44336197
travesty,0.44297686
shamelessness,0.44292267
murdering,0.44210707
wanton,0.44083226
incestuous,0.44079305
flaming,0.4398465
unredeemable,0.43958249
troublemaking,0.43907289
piffle,0.43855201
covetous,0.43854694
fucktardedness,0.43797875
raunchy,0.43648398
oversouling,0.43626836
femifascist,0.43601108
schmancy,0.43590624
choad,0.43588899
deniggerization,0.43556483
gayer,0.43495539
cyberscum,0.43485358
nimby,0.43400702
biting,0.43379506
sneerocracy,0.43373007
preggo,0.43363634
bludgeoning,0.43337518
politico,0.43327176
were,0.43281904
horrific,0.43202063
mosh,0.43184309
taxocrat,0.43115163
milquetoast,0.43071838
spendocrat,0.42920275
skiffy,0.42904413
mendacity,0.42867033
obscenity,0.42730292
friendling,0.42708148
bogus,0.42656568
mudslinging,0.42652275
titsucker,0.42647544
premeditated,0.42640676
angertainment,0.42621502
constipated,0.42447884
fuckup,0.42447694
fandumb,0.42374164
pitying,0.42355572
feminazism,0.42332557
humorless,0.42325157
mistreatment,0.42215904
fascist,0.42207066
racketeer,0.42170274
ganef,0.42167568
mistreat,0.42109725
carping,0.42028784
buttheadedness,0.42007905
rooinek,0.41930128
balderdash,0.41919116
dykey,0.41780228
eyesore,0.41757118
verminous,0.417502
niggerization,0.41748794
propagandist,0.41722539
overdone,0.41675122
recalcitrant,0.41561312
waster,0.41552442
suckiness,0.41529525
cojones,0.41464784
clenching,0.41459632
awfulness,0.41436145
hiss,0.41428054
mopey,0.41377723
fuckship,0.41362602
econazi,0.41340841
shitpit,0.4132151
obsessive,0.41017647
newchurch,0.40948393
venality,0.4084083
fanatical,0.4081455
innumerate,0.40794906
unkempt,0.40770307
mope,0.40759327
gruff,0.40693241
loopy,0.40532271
nublet,0.40523342
foist,0.40344035
carnage,0.40333446
malice,0.40318726
bydlo,0.40311723
droopy,0.40191664
shiksa,0.40051761
aminadab,0.3997644
uncharismatic,0.39926237
faan,0.39897404
shegetz,0.39812231
sleuthhound,0.39785225
spunk,0.39761817
schizoid,0.39677405
babyish,0.39585852
despairing,0.39542588
askance,0.39443508
laughing,0.3943591
standoffish,0.3942932
autocrat,0.39390952
pigheaded,0.39312827
mutilate,0.39283334
dumbshit,0.39248107
giaour,0.39158851
barmcake,0.3912912
fop,0.39105917
brutality,0.39059874
unfriendly,0.3897078
childishness,0.38946804
matricide,0.38827726
shitting,0.38803556
whim,0.38668076
pissing,0.38595746
piehole,0.38487833
brazen,0.38421592
discrediting,0.38393823
materialistic,0.38339719
pocketpussy,0.38312988
bitty,0.38275946
peevish,0.3824346
molest,0.3815752
slapdash,0.37924989
malpractice,0.3779369
bile,0.37614244
whack,0.3759839
chugger,0.37373812
uncivilized,0.37281676
quangoland,0.3725748
flaky,0.37246636
disloyal,0.37155779
craptastic,0.37147933
condescending,0.37102295
denizen,0.37020758
dummy,0.36990531
politricks,0.36644478
poofy,0.36637003
blustering,0.36628545
fucked,0.366163
opportunistic,0.36560668
indignity,0.36408077
unwanted,0.36317999
lardo,0.36299324
blurry,0.36235508
nuthouse,0.36108375
tactless,0.36104047
nimrod,0.3609772
wargasm,0.36047426
manarchist,0.36015085
villainy,0.35921591
craftiness,0.35914014
villain,0.35786485
smear,0.35779791
419,0.35754864
botch,0.35743032
astrobabble,0.35742025
yawnfest,0.3569233
hack,0.35680629
jailtime,0.3558828
bedraggled,0.35498584
lechery,0.35458693
totalitarian,0.35359319
heartlessness,0.35353221
gyppy,0.35352971
disembowel,0.35246858
shylock,0.3521051
schlockmeister,0.35174472
nought,0.35159843
inflict,0.35153136
beast,0.35056745
wishful,0.35050051
malevolence,0.35043725
sequelitis,0.35004637
nig,0.3499977
dissembling,0.34934679
ridiculousness,0.34933982
fuzzy,0.34892717
junkie,0.34864972
shenanigan,0.34671277
cunting,0.34505124
rascally,0.34485481
treachery,0.34449069
debaucher,0.34363052
dislikable,0.34343061
bumble,0.34287065
freakery,0.34237169
superflu,0.34054934
sticky,0.34016772
neurotic,0.33991443
fraudulent,0.33895213
rampage,0.33850725
doddery,0.3373319
demoralizing,0.33646749
swindle,0.33575805
weakest,0.33449536
seamy,0.33423675
whine,0.33304131
impenitent,0.33303708
sinful,0.33170793
narcoleptic,0.33140444
rot,0.32965806
ape,0.32916357
inanity,0.32645419
compulsive,0.32640896
fashionmonger,0.32628867
sully,0.32505641
whinge,0.32433509
eccentric,0.32392378
sheepish,0.32389733
envious,0.32344271
shocking,0.32322393
junkhead,0.3231978
backbiting,0.32234915
shitey,0.32161122
patsy,0.31935556
unscrupulous,0.31889135
crook,0.31812922
bagworm,0.31789251
beast,0.31772116
snigger,0.31714921
madness,0.31659616
telemanipulator,0.31654938
berserk,0.31653191
bash,0.316393
egregious,0.31634959
boringness,0.31562233
onding,0.31545513
disdainful,0.31474578
unkillable,0.31459631
unpunished,0.31457312
ribald,0.31449569
unserious,0.31425818
denialist,0.31273325
cockshot,0.31224022
revengeful,0.31157037
pornographic,0.31132985
graverobbing,0.31080715
curse,0.31029697
twatty,0.31012921
coy,0.30929308
nonsense,0.30916452
malfeasance,0.30862253
cancerology,0.30854736
micromanagement,0.30845437
outcast,0.30678502
bungaloid,0.30583133
wordmonger,0.30576651
shrew,0.3056533
unprepossessing,0.30542583
shitness,0.30502095
ham,0.30473813
skint,0.30399576
celibate,0.30391396
hireling,0.30390201
hoplophobia,0.30378011
appalling,0.30234899
crudeness,0.30006839
conscienceless,0.29947379
miserly,0.29947071
aldermanry,0.29861529
disrespect,0.29653211
jag,0.29612261
hardheaded,0.29611096
nought,0.29598714
baffling,0.29544229
faints,0.29544205
pornography,0.29538332
muzzy,0.29508091
foulant,0.29504177
agoraphobic,0.2948015
lurk,0.29475389
superbrat,0.29467419
dyspeptic,0.29467205
crachach,0.29436253
flaming,0.2943452
incorrigible,0.29301577
fiendish,0.29234716
indolent,0.29182086
paranoiac,0.29160952
beefer,0.29131035
tzigane,0.29087518
termagant,0.29008168
schizophrenic,0.28974484
prattler,0.28955615
wag,0.28936111
scurrilous,0.2882094
clownish,0.28779067
indignance,0.28667183
daffy,0.28604725
nuts,0.28498858
foolishness,0.28481245
demean,0.28425829
trifling,0.28406628
jilt,0.28378945
cyberfiction,0.2834551
academese,0.2827879
aberrometry,0.28022696
underhand,0.27912974
godforsaken,0.2777413
promiscuous,0.27592735
menial,0.27556051
structurelessness,0.27487517
afflicting,0.27481977
schlocky,0.27480498
egotism,0.27466543
misfit,0.27449101
loner,0.27435702
dehumanizer,0.27377091
sacrilegious,0.27342942
belittlement,0.27315019
unforgiving,0.27273099
whitewashing,0.27271994
wankered,0.27228146
drunk,0.27211176
divitis,0.27198639
po,0.27111981
dicked,0.2709526
prick,0.27060942
spooge,0.26957012
frightful,0.26906922
lowly,0.26880848
longhair,0.26817524
nonchalant,0.26778738
tang,0.26737494
brazen,0.26712251
vexillum,0.2669661
smirk,0.26646083
morbid,0.26539212
nosologist,0.26357793
cringe,0.26332342
snice,0.26312989
cuntish,0.2630569
blather,0.26237189
flimflam,0.26226551
grisly,0.26184601
portly,0.26118488
radiophobia,0.26094273
snoozer,0.26035301
moan,0.26005107
rockism,0.26003063
kaffir,0.25964533
irredeemable,0.25875969
lovesick,0.25832369
cavalier,0.2582692
invective,0.25750217
amorality,0.25633881
fuckwitted,0.25602691
towelhead,0.25565703
looniness,0.25547988
slothful,0.25541746
fatuous,0.25523671
peacemonger,0.25511002
damning,0.25466227
disgruntled,0.25348765
howler,0.25345489
underachiever,0.25333722
shitwork,0.25319897
maladjusted,0.25286914
barbarian,0.25271094
beggar,0.25269151
madhouse,0.25217834
whimpering,0.25195288
agonizing,0.25183243
stalkerazzi,0.25077213
rafidah,0.25074822
mismatched,0.25061685
rowdy,0.24874176
wily,0.24832304
blasphemous,0.24819595
spazzy,0.24803874
cringeworthy,0.24801115
caricature,0.24734276
lumbering,0.24723702
contemptable,0.24702835
denouncing,0.24639778
pesky,0.24634827
papistry,0.24608791
thumbing,0.245838
endocrinopathy,0.24554078
thinger,0.24429993
tong,0.24427597
annoying,0.24387714
teabag,0.24378587
vandal,0.24378496
ecobabble,0.24295921
ludicrosity,0.24252362
disrelish,0.24243869
insubordinate,0.24224938
featurism,0.24193503
chavish,0.24182322
deportable,0.24176431
paramour,0.24130739
meddlesome,0.24130052
trivia,0.2412145
condensin,0.24112315
savaging,0.24066436
gall,0.24057397
commo,0.24005504
deathliness,0.23994238
jerkwater,0.23961454
rapacious,0.23844767
malodorous,0.23690022
disbeliever,0.23688175
dragonhide,0.23665418
uninformative,0.23619574
batshit,0.235414
resignment,0.23516767
scumming,0.23496552
dizard,0.23458306
diseased,0.23421183
flagitious,0.23420976
ineptitude,0.23355477
shitfaced,0.23332122
posaconazole,0.23324101
dehumanization,0.23317377
bloodless,0.23200062
hiss,0.23178254
apostate,0.23148423
deception,0.23038797
assaying,0.2299948
sulk,0.22992698
egocentric,0.22839096
konzo,0.2279174
fib,0.22784077
scandalous,0.22774729
papism,0.22687166
whingeing,0.22640537
vagabond,0.2263026
egomania,0.22589655
remorselessness,0.22577722
mordancy,0.22450392
libelous,0.22444473
metacriticism,0.22371741
butchered,0.22351071
declinature,0.22333379
bitchiness,0.22220432
mindfuck,0.22190109
dialetheism,0.22176522
disrespect,0.22127521
coign,0.2212711
impertinent,0.22080851
doddering,0.22078612
disorganizer,0.22036117
carlessness,0.21990056
smack,0.21975449
miskeying,0.21895472
cliquey,0.21874494
dazzlement,0.21862086
coddle,0.21810618
prediabetes,0.21685843
devascularization,0.21627079
langrage,0.21608289
breakoff,0.21606723
gullibility,0.21533313
confrontationist,0.21514245
malignant,0.21418119
illiterate,0.21342825
abhor,0.21297482
snort,0.21281401
headshake,0.21244948
addle,0.21236593
botch,0.21189651
afterthought,0.21180895
misprescription,0.21152596
indecency,0.21033602
dawdle,0.20977347
impolite,0.20923537
misogyny,0.2077367
defile,0.20715393
hubris,0.20706357
adrenomyeloneuropathy,0.20661324
rot,0.20570283
diuturnity,0.20568261
lurid,0.20540374
moan,0.20528129
pussywhipped,0.2051313
mock,0.20490246
misshapen,0.20487763
scoffer,0.20473497
jibbing,0.20468179
teensy,0.20411312
spit,0.20329823
unattractive,0.20283851
covetousness,0.20267222
imperception,0.20210657
impostor,0.20184013
humorlessness,0.20125083
humongous,0.20114581
bust,0.20082016
rabid,0.20071145
cunted,0.20065418
negro,0.20056182
holdoff,0.20028772
biopsychiatry,0.19876449
downtrodden,0.19859555
plotless,0.19822752
ixtle,0.19791477
bungle,0.19750512
sexism,0.19726931
newfangled,0.19686454
delusional,0.19631852
profligate,0.19622488
gaudy,0.19547078
puny,0.1954238
strumpet,0.19524042
rumpled,0.19505746
proanthocyanidin,0.19450938
gibber,0.19438589
bloodletting,0.19333673
bilious,0.1932345
behemoth,0.1926645
banisher,0.19193262
lunacy,0.1913471
cartoonish,0.1909102
hirsute,0.19069906
trisexual,0.19036111
blistering,0.19007774
vengeful,0.19003135
swaggering,0.18974953
thuggery,0.18874158
carnivorous,0.18783798
shallowness,0.18692773
defame,0.18674906
choroideremia,0.18654579
slayer,0.18647686
wearisomeness,0.18585149
snuffing,0.18575332
tipcat,0.18559424
abjectness,0.18511144
cornpone,0.18503086
diatribe,0.18500955
nagging,0.18497502
stumpie,0.18484242
bash,0.18448342
papist,0.18374516
fuckable,0.18312228
suicidal,0.18219019
finocchio,0.18075857
bloodlust,0.18054901
placeman,0.18035752
hemocyte,0.18033205
scowl,0.18020932
baseness,0.1796948
rimming,0.17891358
coy,0.1785373
befall,0.17691079
terrorcore,0.1764425
skimpy,0.17636785
unsmiling,0.17615231
warlike,0.1758418
complicator,0.17432993
shart,0.17362563
buttfuck,0.17225458
senselessness,0.17182004
sonneteer,0.17158489
doltish,0.17118048
glitchy,0.17086222
malefactor,0.17029864
unremorseful,0.170172
worldling,0.16994806
exploitation,0.16959528
joker,0.16900135
defaming,0.1688468
blaspheme,0.16832542
disgrace,0.16800208
had,0.1677625
peculiar,0.16721447
scatological,0.16706364
brash,0.16621443
muru,0.16615181
recidivist,0.16565833
effete,0.16504112
shitless,0.16477534
dragon,0.1641953
unpleasant,0.1635341
carelessness,0.16344241
perfidious,0.16320122
niggerfuxated,0.16286272
mediocre,0.1628512
pencycuron,0.162018
faggoty,0.16185772
thievery,0.16164816
ignoble,0.16154652
joyless,0.16139632
jade,0.16011871
lust,0.15938628
ikey,0.15833462
atheist,0.157759
poisonous,0.15657027
vacuous,0.15641097
folly,0.15592987
lewdness,0.15583127
misbegotten,0.15573574
pitiable,0.15539723
carping,0.15505004
otheoscope,0.15453066
deprave,0.15288721
ploy,0.15271276
bronchoprovocation,0.15210691
heretical,0.15187991
heresy,0.15156708
damnable,0.15082263
disheartening,0.15056068
beggarly,0.15014615
accuser,0.14983825
arseholed,0.14938277
shying,0.14879993
outcast,0.14766782
unoriginality,0.14754801
mindlessness,0.14720514
deceitfulness,0.14696836
scapegoating,0.14635725
trickery,0.14520167
smack,0.14468751
pompousness,0.14372126
jellybelly,0.14364399
poorness,0.14357938
meretricious,0.14343333
conformist,0.14284838
maim,0.14239038
badmouth,0.14225218
whorey,0.1420533
noncompletion,0.14180121
fingerbang,0.14150858
swagger,0.14149062
neuronopathy,0.14109285
overprotective,0.14052242
accursed,0.14039316
negligent,0.13886794
flouter,0.13843239
cuckoldry,0.13799385
dank,0.13777314
unruly,0.13729875
boofheaded,0.13703136
thoughtlessness,0.13694571
clit,0.13673582
gnar,0.13651905
deceptive,0.13582698
fib,0.13556911
woggish,0.13534659
sleaze,0.1352677
clumsy,0.13462316
officious,0.13412325
snicker,0.13392127
slum,0.13362069
cornhole,0.13317949
backhander,0.13298535
systemin,0.13281521
defrauding,0.13279522
spotty,0.13220324
bland,0.13195077
outrageous,0.13143684
tirade,0.13112897
swindle,0.13090915
batty,0.13000594
boofhead,0.12975048
abased,0.12957497
grovel,0.12895434
chavvish,0.12842672
pointlessness,0.12730168
confoundment,0.12689149
dumbassed,0.12676034
debauch,0.1260679
chivvy,0.1259724
gullible,0.12476541
perjury,0.12410446
cobra,0.12360002
schizophrenic,0.12354901
unlovely,0.12190689
fiddlefuck,0.11882117
marring,0.1181174
peddle,0.11804111
prate,0.11717282
anarchist,0.11666532
pseudointellectual,0.11604838
disgraced,0.11561946
mongolism,0.11561334
schizzy,0.11514134
impure,0.11431957
humiliate,0.11349332
lamestream,0.11326464
hammy,0.11301919
peccadillo,0.11271797
engobe,0.11211469
venom,0.11196647
vainglory,0.11153185
schizy,0.11025404
unfuck,0.10907127
afterthought,0.10894774
malcontent,0.1088373
crackerass,0.10859167
tiring,0.10854487
worrier,0.10778796
smirk,0.10760041
cockblock,0.10759882
demon,0.10719514
hellhole,0.10549698
jeer,0.10549314
disreputability,0.10540644
bumfuck,0.10512111
buffoonery,0.10446251
backstepping,0.10431043
warcraft,0.10407781
eyefuck,0.10322438
ratshit,0.10301737
finicky,0.10294668
dropwort,0.10220246
persecutor,0.10216161
spooky,0.1020389
sophomoric,0.10129933
fuckheaded,0.1005277
harrowing,0.0998056
shocker,0.099675569
immodest,0.099332466
underhand,0.099315575
perfectionistic,0.098537907
unempathetic,0.098520705
fuckless,0.09843886
profanity,0.098418148
bagsie,0.098258914
jumbled,0.098042135
haughtiness,0.097424408
xenophobic,0.097416259
fucktastic,0.096762192
fuckworthy,0.096273109
cuntlike,0.096257708
subterfuge,0.095689778
brainwash,0.094352528
thickheaded,0.094340627
mayhem,0.093983052
bumfuck,0.093885046
unfuckable,0.093335568
dickmatized,0.093303049
credulous,0.092858017
bullshitty,0.092286955
hellbox,0.092034912
clusterfuck,0.091871869
titwank,0.091819267
chummy,0.090818698
licentiousness,0.090267369
besmirch,0.089983355
shithoused,0.089233926
garish,0.089185801
menacing,0.089053666
disgust,0.088592563
minus,0.088421958
unbangable,0.08786506
fatassed,0.08786506
unshaggable,0.08786506
bollocky,0.087388535
misspell,0.086823851
vituperative,0.086553457
reserved,0.086011359
infuckingcredible,0.085988369
ravages,0.085361118
corrupted,0.085059162
bashful,0.084849984
cunty,0.084087664
shylock,0.083911522
unhygienic,0.083252272
empurpled,0.083206663
obnoxiousness,0.082478627
niggerlike,0.082395822
wankerish,0.082228466
ludicrous,0.081791848
dotty,0.081778782
chintzy,0.080213903
cumsoaked,0.078794737
ripshit,0.078776033
cumhungry,0.078741103
dickish,0.078649521
whack,0.078519805
amok,0.077773786
dodgy,0.07637744
pestilence,0.075790544
misanthropy,0.075466436
dewire,0.075031017
careless,0.074804916
scaggy,0.074789529
obsessive,0.074636365
underfucked,0.074567268
drunk,0.074481347
niggerish,0.074003175
frankenfood,0.073675422
superstition,0.073466496
sperg,0.071901606
fanfuckingtastic,0.071671378
cumthirsty,0.07092765
cackle,0.069877316
thwarter,0.069810479
niggerly,0.069581279
niggery,0.069581279
crackerbox,0.069552928
truculent,0.068599808
scowl,0.06797907
unfuckupable,0.067414519
stupidass,0.067074146
blunt,0.066887839
spergy,0.066830284
snedging,0.066316341
glower,0.065719873
flashfic,0.065618843
prostitution,0.063255762
emotionless,0.062900285
duology,0.062832961
rogue,0.062651786
turnoff,0.061555014
invective,0.060084232
biblethumping,0.05988654
submissive,0.058818609
cocking,0.058315536
feeble,0.058159723
pesthole,0.058149798
maladroit,0.05792382
unthinking,0.057832035
eggheaded,0.057790293
insanity,0.057628049
disobedient,0.057621873
deniggerize,0.0574525
patronizing,0.05737697
goshwowboyoboy,0.057254144
pestilent,0.057083459
underpart,0.056966452
homophobia,0.056227985
jacobinize,0.055922279
infest,0.0556793
assholey,0.054761694
oppressor,0.054675976
papistic,0.054520114
unsuspecting,0.05440941
ravenous,0.052766662
insolence,0.052206479
willful,0.05083067
bust,0.050439918
asshattish,0.049788473
asshatty,0.049788473
bluster,0.049728637
innuendo,0.049383169
unforgiveness,0.048851232
creepmouse,0.048827413
kiasu,0.047835025
antinigger,0.047787699
parsonish,0.047749324
splittist,0.047241606
shitcan,0.046973647
oratorize,0.046949317
fastidious,0.046140065
abysmal,0.046137711
venom,0.045101782
rave,0.045070275
woefulness,0.04504793
spartan,0.044973289
smacking,0.044657457
vitriol,0.043852701
garrulous,0.043779467
treasonable,0.043676447
impudence,0.043106957
tipsy,0.042922191
cocktease,0.042477782
loathe,0.042226376
stan,0.041947442
fallacy,0.041785753
untruthful,0.041582161
wackadoodle,0.040643471
cackler,0.040617854
brandwash,0.040514373
shitlist,0.039444095
gnawing,0.039084297
intolerant,0.038912423
bulimic,0.038619397
bork,0.037900492
tonguefuck,0.03772953
multiculti,0.037643222
niggerless,0.036948004
befogged,0.036885022
overhyped,0.0367126
grimace,0.036505279
lackadaisical,0.036339629
profane,0.036210001
unamiable,0.036196293
blistering,0.036171306
menaced,0.036044141
footfuck,0.035948438
assfuck,0.035897218
fingerfuck,0.035852839
refuck,0.035342568
phobic,0.034944814
uselessness,0.034829179
hubristic,0.034749446
avenge,0.034484357
weirdness,0.034371767
hopeless,0.034291755
flaunt,0.034288265
befuck,0.034270623
hurl,0.033863435
prying,0.033525275
spoiled,0.033245057
overweening,0.032955869
decunt,0.03241415
uncunt,0.03241415
perfidy,0.032264676
misclassify,0.032204017
iniquity,0.031405273
toffy,0.030875962
repentant,0.030355566
cuntfuck,0.030267145
mouthfuck,0.030221778
disneyfy,0.030132621
bleed,0.029280865
chug,0.029021516
unpardonable,0.028372337
niggerfied,0.028356796
imperialist,0.028248125
picky,0.027620442
wapanese,0.027559045
jackassed,0.027128519
pisslike,0.026687427
arseholic,0.026442381
skid,0.025229869
dickheaded,0.025195479
megalomania,0.025040816
shitlike,0.025028384
ludicrousness,0.025009371
outfuck,0.024228181
dictatorial,0.023924624
blowbang,0.023898326
niggerize,0.023606306
shitheaded,0.022613399
fuckish,0.022118105
fuckuva,0.0216076
execrable,0.021410266
kiasi,0.021372704
brotherfucking,0.020597161
mindfucked,0.020254901
unbefuckinglievable,0.020180752
unfaithful,0.019656402
fucktarded,0.019485213
antifag,0.019198852
politicking,0.019005359
fuckstruck,0.018914457
encunt,0.018031773
shittastic,0.01800284
predatory,0.017905233
propagandist,0.017566844
postfuck,0.017499991
shame,0.017473158
pissass,0.01725845
asstastic,0.016834479
malformed,0.016775152
choking,0.016626265
overconfident,0.016407811
assholish,0.015749575
midfuck,0.0156233
candified,0.015349915
compulsive,0.015344414
dual,0.014794204
redskin,0.014715733
gaytarded,0.01463047
wankless,0.014559022
cuntless,0.014559022
starfucking,0.014288336
craptabulous,0.014149044
crapperific,0.014149044
lackey,0.014045458
cuntal,0.013963463
shitfuck,0.013811182
bedicked,0.012986646
pridefulness,0.012617977
overfuck,0.012125426
fucksome,0.012088345
scatterbrained,0.011910141
unbelievable,0.011454829
snort,0.01120474
taunt,0.010347746
misjudgment,0.010309234
cutthroat,0.010195762
seething,0.010187953
naughtiness,0.008867976
crappify,0.0086296287
obsequious,0.0084614659
prefuck,0.0083760334
untruth,0.0081442614
rabble,0.0081226134
capricious,0.0080553499
bane,0.0078571902
defile,0.0070812123
fluff,0.006906314
cockaludicrous,0.0066422805
cahoots,0.0062309423
clitted,0.0055424162
futility,0.0050314304
sleck,0.0049161765
minus,0.0047494549
sourish,0.0041260623
rambling,0.0022609145
scorching,0.00056426093
treacherous,0.00020639443
